claim_idx,prediction,actual,probability,claim_type,damage_type,customer_explanation,adjuster_explanation
2232,Declined,Declined,0.004,Accidental Damage,multiple_damage,"# Claim Decision: Unfortunately Declined

Dear Valued Customer,

Thank you for filing your claim for your WUAWEI smartphone. I understand how frustrating it is when your device starts showing issues, and I appreciate you providing those details.

After careful review, **we've had to decline your claim**. Here's why:

The damage you're describing—the screen scratches, declining fingerprint scanner performance, and charging difficulties—appears to be **gradual wear and tear** rather than damage from a sudden accident. Our Accidental Damage coverage specifically protects against unexpected incidents (like dropping your phone), not damage that develops over time with normal use.

**What you can do:**

1. **Appeal this decision** - If you believe this damage resulted from a specific accidental incident rather than gradual wear, please provide additional details and we'll reconsider
2. **Contact us** - Our team can discuss other coverage options that might help with device repairs
3. **Check your warranty** - Your device manufacturer's warranty may cover some of these issues

I know this isn't the news you hoped for, and I'm sorry we couldn't help with this particular claim. If you'd like to discuss this further or explore your options, please don't hesitate to reach out—I'm here to help.

Best regards,
**Your Insurance Team**","**CLAIMS ADJUSTER NOTE**

**Claim ID:** WUAWEI-AAA145 | **Decision:** DECLINED | **Confidence:** Very Low (0.4%)

---

**DECISION SUMMARY**
ML model recommends decline with extremely low approval probability (0.004 vs. 0.40 threshold). However, confidence level is critically weak, indicating high uncertainty in this classification.

---

**SUPPORTING EVIDENCE FOR DECLINE**
- **Gradual wear classification (SHAP: -4.66):** Primary driver. Claimant reports progressive deterioration (fingerprint scanner degradation, charging intermittency, screen scratches)—consistent with wear rather than acute damage
- **Device functionality:** Partial (not total loss), suggesting operational despite defects
- **Incident clarity:** Moderate—no specific damage event described

---

**CONTRADICTING FACTORS & RISK FLAGS**
- **Policy coverage mismatch:** ADLD/THEFT explicitly covers ""Accidental Damage."" Gradual wear typically excluded, but screen scratches may constitute covered accidental damage if distinct from wear
- **Linguistic signal weakness:** Low uppercase ratio and modest word count (28 words) negatively weighted—potentially penalizing legitimate claims with brief, matter-of-fact descriptions
- **Device age:** 304 days post-purchase; within typical wear manifestation period but doesn't automatically exclude coverage
- **User fault assessment:** Model confidence that user is NOT at fault (value=0) supports claim legitimacy
- **Claim value consideration:** RRP €1,579 with €59 excess—material claim warranting careful review

---

**MANUAL REVIEW RECOMMENDATION: YES**

The model's near-zero confidence (0.4%) combined with genuine coverage ambiguity (gradual wear vs. accidental damage distinction) warrants adjuster intervention. Screen scratches may be separately claimable despite wear components. Recommend:
1. Clarify if scratches resulted from specific incident
2. Assess whether fingerprint/charging issues predate policy
3. Verify ADLD policy wording on wear exclusions"
356,Declined,Declined,0.006,Theft,theft,"# Your Claim Decision

Dear Valued Customer,

Thank you for filing your claim for your HUAWEI smartphone that was stolen. I understand how frustrating this must be, and I appreciate you providing the details of what happened.

After careful review, we've made the difficult decision to **decline your claim**.

Here's why:

Our assessment found that several factors didn't align with our coverage requirements:
- The circumstances described in your claim (losing the phone after dinner, uncertainty about where it disappeared) raised questions about whether the loss meets our theft coverage criteria
- The claim documentation provided didn't contain enough detail for us to fully verify the theft occurred as covered
- The value versus repair cost ratio also factored into our decision

**What you can do:**

If you believe this decision is incorrect, you have the right to appeal. Please contact us with:
- Any additional evidence (police report, witness statements, CCTV footage from the venue)
- More details about exactly when and where the phone was last seen
- Any other information supporting that theft occurred

We're here to help. Feel free to reach out if you'd like to discuss this further or need clarification.

Best regards,
Customer Service Team","# CLAIMS ADJUSTER NOTE
**Claim ID:** WUAWEI-AAA54 | **Decision:** DECLINED | **Confidence:** 0.6% (Very Low)

---

## PREDICTION SUMMARY
ML model recommends **DECLINE** with extremely low approval probability (0.006 vs. 0.40 threshold). However, confidence level is critically low, indicating high uncertainty in this assessment.

---

## KEY EVIDENCE SUPPORTING DECLINE

- **Excess-to-RRP Ratio Anomaly:** Excess (€1,989) significantly exceeds RRP (€1,079)—ratio of 1.84:1. This is atypical and represents the strongest decline signal (SHAP: -1.10).
- **Vague Loss Description:** Claim narrative (31 words) lacks specificity regarding theft location (pub vs. bus) and timeline, preventing clear loss verification.
- **Low Retailer Frequency:** Retailer appears in only 15% of comparable claims, reducing pattern matching reliability.

---

## CONTRADICTING FACTORS & RED FLAGS

- **Coverage Match:** Active ADLD/THEFT policy explicitly covers theft claims in SE (coverage_encoded correctly mapped).
- **Damage Assessment:** AI correctly identified theft as damage type with severe severity—consistent with legitimate claim category.
- **No Fraud Indicators:** Device is non-functional; user shows no fault; matter-of-fact tone suggests no emotional manipulation.
- **Critical Issue:** The excess amount appears to be a data entry error or policy configuration problem. Excess should not exceed device RRP.

---

## RECOMMENDATION: MANUAL REVIEW REQUIRED

**This case warrants immediate adjuster intervention:**
1. Verify excess amount against policy documentation (€1,989 vs. €1,079 RRP is illogical)
2. Request claimant clarification on theft location and timeline
3. Conduct standard theft verification (police report, retailer confirmation)

The ML decline is likely driven by data integrity issues rather than claim merit. **Do not issue final decline pending excess verification.**"
2270,Declined,Declined,0.004,Accidental Damage,software_issue,"# Your Claim Decision

Dear Valued Customer,

Thank you for filing a claim with us. We've carefully reviewed your case regarding the WUAWEI WUAWEI-AAA320, and unfortunately, we must **decline your claim at this time**.

## Why We Declined

Based on our assessment, we have some concerns:

1. **Unclear incident details** – The description of how the damage occurred isn't entirely clear to us, which makes it difficult to confirm this is covered under accidental damage.

2. **Software vs. hardware** – Our assessment suggests this may be a software issue rather than accidental physical damage, which falls outside your ADLD coverage.

## What You Can Do

We understand this is frustrating. Here are your options:

- **Provide more information** – If you can give us clearer details about what happened (including photos or videos), we'd be happy to re-review your claim
- **File an appeal** – You have the right to formally appeal this decision within 30 days
- **Contact us directly** – Our claims team can discuss whether other coverage options might apply

We're here to help. Please reach out if you'd like to discuss this further or provide additional details.

Best regards,
Your Insurance Team","**CLAIMS ADJUSTER NOTE**

**Claim ID:** WUAWEI-AAA320 | **Decision:** DECLINED | **Confidence:** Very Low (0.4%)

---

**PREDICTION SUMMARY**
ML model recommends decline with extremely low approval probability (0.004 vs. 0.40 threshold). This marginal confidence level warrants caution in reliance on automated decision alone.

---

**SUPPORTING EVIDENCE FOR DECLINE**
- **Damage Classification:** Software issue (moderate severity) typically falls outside accidental damage scope; ADLD policies typically exclude software faults
- **Incident Clarity:** Description is vague and heavily redacted, with unclear causation (""unknown_cause"" flagged)
- **User Attribution:** AI assessment indicates ""User at fault: True,"" suggesting non-accidental origin
- **Linguistic Indicators:** Low uppercase ratio and vague phrasing suggest lower claim legitimacy confidence

---

**CONTRADICTING FACTORS & RISK ALERTS**
- **Critical Redaction Issues:** Significant text masking (*****) obscures actual incident details—prevents proper assessment of whether damage was truly accidental vs. device malfunction
- **Policy Validity:** Active policy with 366-day tenure and appropriate excess (€45 against €499 RRP) are in order
- **Ambiguous Causation:** ""Telefoon lag op kast"" (phone on cabinet) *could* indicate accidental fall, but description is too obscured to confirm
- **Model Confidence Crisis:** 0.4% approval probability is near-zero; this extreme reading suggests model uncertainty rather than clear decline evidence

---

**RECOMMENDATION**
**ESCALATE FOR MANUAL REVIEW.** The extreme low confidence combined with heavily redacted claim description makes automated decline inappropriate. Adjuster should:
1. Request unredacted claim description from claimant
2. Clarify incident mechanism (accidental drop vs. software malfunction)
3. Verify whether device damage is physical or software-only
4. Re-assess under proper incident clarity before final decision"
471,Approved,Completed,1.0,Accidental Damage,screen_crack,"# Your Claim Decision: **APPROVED** ✓

Dear Valued Customer,

Thank you for filing your claim with us. I'm pleased to let you know that your claim for accidental damage to your HUAWEI smartphone has been **approved**.

**What happened:**
We reviewed your claim for the cracked screen that occurred when your phone was in your pocket at work. This type of accidental damage is covered under your ADLD policy, and your claim meets all the necessary requirements for approval.

**What happens next:**
You should expect to hear from our claims team within the next 2-3 business days with details about:
- Repair or replacement options available to you
- Any applicable excess/deductible
- How to proceed with getting your device fixed

We understand how frustrating it is when your device gets damaged, especially during your workday. We're here to make this process as smooth as possible for you.

If you have any questions in the meantime, please don't hesitate to reach out. We're happy to help!

Best regards,  
**Customer Service Team**","# CLAIMS ADJUSTER NOTE

**Claim ID:** WUAWEI-AAA123 | **Decision:** APPROVED | **Confidence:** 100%

---

## PREDICTION SUMMARY
ML model recommends approval with maximum confidence (1.0 probability vs. 0.40 threshold). Device valued at €18,407 with €589 excess. Accidental damage claim under active ADLD coverage in Sweden.

---

## SUPPORTING EVIDENCE
- **Policy Status:** Active, 181 days in force (low lapse risk)
- **Damage Assessment:** Screen crack, moderate severity, crush incident
- **User Accountability:** Acknowledged fault (occupational hazard—metal fabrication environment)
- **Device Functionality:** Partial—operational but compromised
- **Tone Analysis:** Matter-of-fact, credible presentation
- **Key Approval Drivers:** Policy duration (+2.11 SHAP), high RRP (+0.71 SHAP), incident classification (+0.93 SHAP)

---

## RISK FACTORS & INCONSISTENCIES
- **Critical:** Description contains character encoding corruption (Ã¤, *** masking) indicating potential OCR/transcription error. Readability severely compromised.
- **Vague Incident Clarity:** Claim narrative lacks specific temporal/spatial detail. Mechanism unclear (""*** fick tryck på""—incomplete text).
- **Occupational Context:** Metal fabrication environment increases crush risk plausibility but warrants verification of workplace conditions.
- **Conflicting Signals:** Moderate damage severity penalizes decision (-0.38 SHAP) yet approval holds; low word count (-0.69 SHAP) suggests incomplete description.

---

## RECOMMENDATION
**MANUAL REVIEW REQUIRED** before final settlement. Despite strong model confidence, the corrupted claim description undermines proper verification. Recommend:
1. Request legible written statement from claimant
2. Obtain photographic evidence of damage
3. Verify occupational crush mechanism plausibility
4. Confirm policy coverage terms for workplace-related incidents

**Proceed cautiously.** High RRP increases loss exposure; documentation gaps must be resolved."
2644,Approved,Completed,1.0,Accidental Damage,multiple_damage,"# Your Claim Decision: Approved ✓

Thank you for filing your claim with us. I'm pleased to let you know that **your claim has been approved**, and we're ready to help you get your device repaired or replaced.

## What Happened
We reviewed your report about dropping your WUAWEI WUAWEI-AAA111 while taking a photograph. The resulting screen crack and display issues are clearly covered under your Accidental Damage and Theft policy. These types of incidents—accidental drops causing multiple damage points—are exactly what your coverage is designed for.

## What's Next
A claims specialist will contact you within 1-2 business days with your next steps. Depending on your policy terms, you'll have options for repair or replacement.

## Questions?
If you have any questions in the meantime, please don't hesitate to reach out. We understand how frustrating device damage can be, and we're here to make this process as smooth as possible.

We appreciate your business and your patience while we reviewed your claim.","**CLAIMS ADJUSTER NOTE**

**Claim Decision: APPROVED**
ML Model Confidence: 100% (Threshold: 40%)

---

**SUPPORTING EVIDENCE**

• **Valid Coverage**: ADLD/THEFT policy active in NL; accidental damage claim type aligns with policy scope
• **Clear Incident Narrative**: 44-word description provides detailed account of drop incident during photography use
• **Credible Damage Profile**: Screen crack (right side, volume/power buttons) consistent with physical drop mechanism
• **User Accountability**: AI assessment confirms user at fault; no gradual wear detected
• **Device Value**: RRP €1,579 with €59 excess; claim economically justified
• **Functional Device**: Partial functionality retained (device operational despite display defects)

---

**RISK FACTORS & INCONSISTENCIES**

• **Secondary Damage Concern**: ""Green fog"" on dark color display suggests potential liquid damage or display panel degradation beyond mechanical impact alone—warrants verification
• **Multiple Damage Issues**: AI flagged 3 device issues; unclear if all stem from single drop incident or pre-existing conditions
• **Touchscreen Involvement**: Touchscreen functionality impact noted; requires confirmation that screen replacement/repair will resolve all reported issues
• **Model Frequency**: Device model appears in low claim frequency cohort (0.0128), limiting historical damage pattern comparison

---

**RECOMMENDATION**

**APPROVE with CONDITIONS:**
- Require photographic evidence of damage before settlement
- Request repair quote specifying all damage components (digitizer, LCD panel, green discoloration cause)
- Confirm no liquid damage indicators present
- Verify all secondary issues resolve with screen replacement

**Manual Review Not Required**: Claim profile aligns with policy terms despite secondary defect ambiguity. Photographic evidence protocols sufficient for risk mitigation."
1328,Approved,Completed,1.0,Theft,theft,"# Your Claim Decision: **APPROVED** ✓

Dear Valued Customer,

Thank you for filing your claim, and we're sorry to hear about this theft during your commute. We understand how frustrating and stressful this situation must be.

**Good news:** We've approved your claim for your WUAWEI smartphone that was stolen.

**Why we approved it:**
- Your claim type (theft) is covered under your ADLD/THEFT policy
- The incident itself is clearly documented and understood
- Your device's value compared to the excess makes this a reasonable claim
- You've provided clear details about what happened

**What happens next:**
- We'll process your claim and contact you within the next 2-3 business days with payment details or replacement options
- Keep any documentation (police report, photos, receipts) handy in case we need them
- You may have an excess to pay, depending on your policy terms

We appreciate your patience during this process, and we're here to help if you have any questions.

Best regards,
**Customer Support Team**","# CLAIMS ADJUSTER NOTE

**CLAIM DECISION: APPROVED**
- ML Confidence: 100% (Threshold: 40%)
- Device: WUAWEI WUAWEI-AAA20 | RRP: €1,349 | Excess: €99

---

## SUPPORTING EVIDENCE

• **Valid Coverage**: ADLD/THEFT policy active; theft claims encoded favorably (+0.61 SHAP)
• **Low Excess Ratio**: 7.3% excess-to-RRP ratio supports approval (+0.65 SHAP)
• **Clear Incident Type**: Theft classification confirmed; moderate clarity in claimant narrative (+0.61 SHAP)
• **No Prior Claims**: Zero device_issues_count history strengthens credibility (+0.96 SHAP)
• **Policy Tenure**: 5-month policy start indicates early-stage claim (+0.52 SHAP)
• **User Fault Assessment**: No evidence of claimant negligence; public transport theft presents inherent risk

---

## RISK FACTORS & INCONSISTENCIES

• **Moderate Narrative Clarity**: Description contains multiple redactions limiting full context assessment (-1.78 SHAP penalty on incident_type encoding)
• **Coverage Encoding Anomaly**: Negative SHAP contribution (-0.44) on coverage_encoded warrants review—possible coverage limitation flagged by system
• **High-Value Device**: €1,349 RRP theft via pickpocketing presents elevated fraud risk profile requiring manual verification

---

## RECOMMENDATION

**Manual review advised** despite high ML confidence. Specific actions:
1. Verify police report filed for theft (standard requirement)
2. Confirm claimant banking incident filed separately (bankpas stolen)
3. Clarify coverage_encoded discrepancy—assess policy exclusions
4. Validate device IMEI/serial not previously claimed

**Decision Status**: CONDITIONAL APPROVAL pending manual verification of above items."
2407,Approved,Completed,0.682,Accidental Damage,screen_crack,"# Your Claim Decision

Good news! Your accidental damage claim has been **approved** ✓

**What happened:**
We reviewed your claim for the HUAWEI smartphone that was damaged when it fell onto the coffee table while you were sitting on the sofa. Based on your description and our assessment, this is consistent with accidental damage coverage under your ADLD policy.

**What we found:**
The damage to your screen (cracking and the line running across it) matches what we'd expect from this type of drop incident and falls within your coverage.

**What happens next:**
- We'll be in touch within 2-3 business days with next steps
- This will include repair or replacement options, depending on your policy terms
- Any applicable excess will be deducted from the settlement

**Important reminder:**
Please don't attempt any repairs yourself before hearing from us, as this could affect your claim.

If you have any questions in the meantime, please don't hesitate to reach out. We're here to help.

Thank you for choosing us, and we're sorry your phone was damaged!","# CLAIMS ADJUSTER NOTE

**CLAIM DECISION: APPROVED**
- Approval Probability: 68.2% | Decision Threshold: 40.0%
- Confidence Level: Moderate (above threshold but not high-confidence)

---

## SUPPORTING EVIDENCE
- **Damage Type**: Screen crack with moderate severity—consistent with covered accidental damage under ADLD
- **Incident Narrative**: Detailed description of drop incident (device fell from sofa onto table edge) indicates genuine accident
- **Coverage Status**: Policy in grace period; ADLD coverage explicitly applies to accidental damage
- **Risk Profile**: Device functionality partial but repairable; claim value (RRP €1,579) proportionate to excess (€59 = 3.7% ratio)

---

## RISK FACTORS & CONCERNS
- **Policy Tenure**: Grace period status suggests recent policy inception—elevated risk profile for early-stage claims
- **Model Frequency**: Low product code frequency (9.7%) and model frequency (5.1%)—potentially indicates infrequent claim patterns or data sparsity
- **Language Indicators**: Description contains minimal capitalization (0.8%) and moderate length (243 characters), showing casual documentation but no fraud signals
- **Model Uncertainty**: Multiple minor adverse SHAP factors (desc_length, uppercase_ratio, product frequency) offset by approval channel factor

---

## RECOMMENDATION
**Approve as adjudicated**, with the following caveats:
- **Manual Review Warranted**: Request photographic damage verification before payment processing due to moderate confidence level and grace period status
- **Verification Check**: Confirm incident date aligns with policy effective date to ensure coverage was active
- **Processing Note**: Standard excess (€59) applies to settlement calculation

---

**Adjuster Action**: Route to damage assessment queue for visual confirmation prior to settlement authorization."
2408,Approved,Declined,0.682,Accidental Damage,screen_crack,"# Claim Decision: APPROVED ✓

Dear Valued Customer,

Thank you for filing your claim. We're pleased to inform you that your claim for accidental damage to your WUAWEI smartphone has been **approved**.

**What happened:**
We understand your phone fell onto your foot while you were sitting on the sofa, resulting in a cracked screen. This type of accidental damage is covered under your ADLD (Accidental Loss & Liquid Damage) policy.

**What happens next:**
We'll be in touch shortly with next steps, which typically include:
- Repair or replacement options
- Instructions on how to send in your device (if needed)
- Details about any applicable excess charges

We know how frustrating it is when your phone gets damaged unexpectedly, so we're here to get this sorted quickly for you.

**Have questions?**
If you need any clarification or have concerns, please don't hesitate to reach out. We're here to help.

Thank you for your patience and for being a valued customer.

Best regards,
Customer Service Team","# CLAIMS ADJUSTER NOTE

**Claim ID:** WUAWEI-AAA104 | **Decision:** APPROVED | **Confidence:** 68.2%

---

## PREDICTION SUMMARY
ML model approved claim with moderate confidence (0.682 vs. 0.40 threshold). Decision margin is narrow, indicating borderline case requiring adjuster scrutiny.

---

## SUPPORTING EVIDENCE
- **Valid coverage:** Accidental Damage with ADLD applies to drop incidents
- **Damage consistency:** Screen crack/streaking aligns with low-impact fall narrative
- **Claim legitimacy:** Detailed incident description (243 characters) with clear causation (phone dropped on foot near table)
- **Financial threshold:** Excess (€59) represents 3.74% of RRP (€1,579)—reasonable proportion
- **Channel factor:** Submission method flagged positively (+1.34 SHAP weight)

---

## RISK FACTORS & CONTRADICTIONS
- **Policy status concern:** Claim submitted during Grace Period—verify coverage activation date and no exclusion clause violation
- **Model frequency red flags:** Device (0.097 frequency) and model type (0.051 frequency) show low historical claim incidence; potential unvalidated claims pattern
- **Description length paradox:** Shorter descriptions typically correlate with approval, yet this 243-character account scored negatively (-1.85 SHAP), suggesting model detected atypical narrative markers
- **Emotional tone:** ""Frustrated"" language and redacted content (****) may indicate incomplete claim form or information suppression

---

## RECOMMENDATION
**Manual review warranted** before final approval:
1. Confirm policy effective date against claim submission—Grace Period status requires verification
2. Request unredacted incident description and photographic damage evidence
3. Validate device authenticity (unusual model designation ""WUAWEI-AAA104"")
4. Cross-reference device frequency data against fraud patterns

**Approve conditionally pending documentation verification.**"
